rank,athlete_id,uphill_rating
1,2009282,100.0
2,197881,95.0043893308
3,3330824,92.1539909143
4,1782217,90.3097732165
5,10662,87.5677199978
6,2073231,85.8689458603
7,2114012,84.4967256975
8,8459627,83.9495418454
9,742334,83.8201092766
10,10465,83.4612273764
11,431441,82.211984773
12,7115486,82.1790222999
13,175942,81.4746670911
14,1157674,81.2797628243
15,689310,81.2788827674
16,483059,80.6170006892
17,2693607,80.5880532394
18,3565559,79.770529517
19,352330,79.4218173726
20,132389,79.3670385543
