rank,athlete_id,uphill_rating
1,689310,100.0
2,7932,91.0101938402
3,3844591,89.6759465497
4,665350,82.8757509657
5,196459,80.5447873902
6,4502881,79.0916645761
7,132389,78.3993280287
8,10465,78.1630407936
9,484117,77.6239541169
10,2114012,77.6097469853
11,1798048,77.244294831
12,68379,76.5743930489
13,511588,76.3149721462
14,1021748,75.6176811577
15,271458,75.3462663142
16,6539,75.0936014675
17,175942,75.0345403364
18,7032,73.0139709414
19,5155566,72.5160690269
20,556578,72.4456060805
