rank,athlete_id,uphill_rating
1,12782,100.0
2,362707,91.6426124002
3,1817874,88.7817159728
4,914011,85.175716672
5,226563,84.0881055343
6,3608329,83.8292560019
7,1737840,83.6161271504
8,1129483,83.5343823284
9,689344,83.1333660149
10,416901,82.5653293016
11,8978774,81.9743778239
12,1194933,81.1356588973
13,2626887,81.0512586385
14,1393473,80.5430157408
15,675893,80.4144867027
16,404032,79.8354359359
17,71756,78.8640041275
18,1094768,78.8012555431
19,75308,78.0293080403
20,193057,77.7629275894
