rank,athlete_id,uphill_rating
1,979905,100.0
2,130036,65.7485979941
3,9899762,62.2172003555
4,8219583,62.0610248154
5,7689,59.6345437001
6,68120,58.4615880557
7,162200,58.184822038
8,1308967,57.9051457924
9,64448,57.6374048263
10,2332822,57.2709168171
11,130461,56.8220593234
12,1668552,56.642073436
13,3431701,56.4502258612
14,177344,56.3612531698
15,209382,55.8158028707
16,381804,55.5490921921
17,13015,55.2961900432
18,711027,54.6916387022
19,4786502,54.5167172804
20,6106950,53.921451908
