rank,athlete_id,uphill_rating
1,511588,100.0
2,284201,91.9793736251
3,288329,90.4577032125
4,370160,88.6277031647
5,394292,87.7402737578
6,1898245,87.1842214899
7,101792,87.139188667
8,8434685,87.0873507997
9,12194,86.9272896353
10,2203564,86.3776648065
11,197650,85.9959683711
12,343711,85.9098064575
13,606212,85.9010943707
14,6539,85.831020071
15,6788,85.4693149817
16,2199644,84.4682399748
17,4053221,84.3867831857
18,133003,84.1787498538
19,5490514,83.8141461688
20,5883194,83.6528951403
