rank,athlete_id,total_rating
1,2979360,100.0
2,104544,95.674539108
3,5844623,93.872954446
4,7296011,93.1596054197
5,2226347,92.7768830811
6,169833,92.6684364207
7,352330,92.5874294863
8,2800318,92.2961239888
9,5985858,91.7729287
10,267059,91.3224727918
11,1849673,90.6774107413
12,581737,90.3774058655
13,1166040,89.2847052477
14,341257,88.7090453705
15,9858703,88.5865371607
16,153453,88.5777036232
17,1731513,88.2707182823
18,4717107,88.1464911592
19,507481,87.7978158817
20,2963588,87.6650088656
