rank,athlete_id,total_rating
1,130036,100.0
2,160252,88.4024061356
3,286801,83.9389546436
4,1308967,83.4322000503
5,3431701,82.1526596825
6,381804,80.6826045626
7,13015,80.265059669
8,751289,79.6861546319
9,189094,78.8501253279
10,3583526,77.052667133
11,4045720,76.5378563689
12,1755622,75.4877504176
13,2332822,74.6677594775
14,4274327,74.1364664834
15,2243236,73.8615209904
16,311155,73.8464887233
17,356623,73.2540383706
18,1288357,72.9420226557
19,150738,72.8524800564
20,163662,72.8361013952
