rank,athlete_id,downhill_rating
1,210284,100.0
2,619694,99.3690753724
3,1654377,98.0598342669
4,1644627,97.294233079
5,195639,97.0000293953
6,3390183,94.3481291593
7,127916,93.658674981
8,113994,92.9428635481
9,560653,92.8142728399
10,4086938,92.6067728543
11,178033,92.5333684173
12,1686011,92.307901381
13,1568713,91.4449856443
14,1821299,90.8648084564
15,9585,90.1134839096
16,136566,89.7830457711
17,380814,89.4430209382
18,2041772,89.2578283582
19,344430,88.743049462
20,2197,87.95257063
