rank,athlete_id,uphill_rating
1,979905,100.0
2,130036,66.0323665367
3,8219583,63.0540139629
4,9899762,62.954627515
5,7689,59.8288727344
6,68120,58.7778201179
7,162200,58.4388782446
8,1308967,58.0460226453
9,64448,57.8794637879
10,2332822,57.5205265314
11,130461,56.9230269088
12,1668552,56.896301536
13,3431701,56.7094319321
14,177344,56.4818871562
15,209382,56.1003578008
16,381804,55.8816297811
17,6106950,55.4363433349
18,13015,55.4019754315
19,711027,54.9693974603
20,4786502,54.8489420517
