rank,athlete_id,total_rating
1,2226347,100.0
2,104544,98.818407124
3,153453,98.4002556976
4,1849673,96.0631258618
5,4717107,95.8901214046
6,2963588,95.5261609054
7,507481,95.2314673546
8,1731513,94.8480243947
9,267086,93.6481153163
10,581737,93.5068998011
11,5844623,93.4357037425
12,3951,93.0880527573
13,267059,92.3372617187
14,109898,91.9542066496
15,3792180,91.7059332807
16,53957,91.484437305
17,401170,91.1697854809
18,103977,90.8628061363
19,295403,90.8441020432
20,5481417,90.5770289015
