rank,athlete_id,total_rating
1,8531353,100.0
2,259304,97.3706856111
3,3282892,94.9520833448
4,5165,93.916235139
5,5001009,89.0714395746
6,180412,88.8582927731
7,4619284,87.436602985
8,220863,87.1697784516
9,2740719,86.4896325135
10,5559556,85.8851385986
11,5503166,85.4553532165
12,7733414,84.5182745245
13,7727315,84.4406278821
14,6038543,83.9980137996
15,979905,83.7614959948
16,175979,82.7852950279
17,80835,82.6159006959
18,10794,81.7379861337
19,2894686,81.2892542629
20,7238965,79.9354054363
