rank,athlete_id,total_rating
1,259304,100.0
2,1794874,99.4206782084
3,8531353,97.706244657
4,5165,97.7014603029
5,3282892,96.895059167
6,129795,90.7941877846
7,180412,90.7641218436
8,5001009,90.5328280682
9,5503166,90.4128192694
10,2740719,89.8629535013
11,220863,89.8065861109
12,7727315,89.3030640863
13,5559556,88.5307833442
14,4619284,88.3601763762
15,979905,88.2332485115
16,231057,86.9242602249
17,7733414,86.6634154389
18,6038543,86.56896319
19,175979,86.3024291721
20,62942,85.9437026001
