rank,athlete_id,uphill_rating
1,6732575,100.0
2,80835,92.8060730683
3,4147650,85.1842320835
4,3375318,85.1235353087
5,122027,81.9959420598
6,4497686,81.1968069938
7,251314,81.1787086014
8,5844623,79.9321641606
9,9906,79.9296270028
10,1941686,78.4812601146
11,574749,77.7041256892
12,12852,76.5238478309
13,336988,76.3138189216
14,130478,76.1648051755
15,721250,76.0838787957
16,7727315,75.7777124993
17,2740719,75.2577463806
18,786467,75.2471679249
19,2144304,75.0253427243
20,429,75.0109157484
